input,output
"What is the learning method at 1337 school?","1337 uses peer-learning, where students learn by collaborating and challenging each other without traditional professors or classes."
"How is progress assessed at 1337 school?","Projects are assessed by peers through an inter-student self-assessment system, focusing on dialogue and improvement rather than traditional grades."
"What is the duration of the curriculum at 1337?","The curriculum is designed to be completed in approximately 3 years, including internships or part-time jobs, but it can be shortened or extended based on the student's progress."
"What makes the learning environment at 1337 unique?","1337 offers a gamified learning experience, where students earn points and achievements through projects, allowing for individualized pacing and immersive learning."
"Can students at 1337 take breaks if needed?","Yes, students can put their training on hold and resume their projects where they left off, accommodating personal circumstances without penalizing their progress."
"What is the admission process at 1337 school?","The admission process includes an online registration, cognitive tests, and a 4-week intensive bootcamp called Piscine."
"Describe the Piscine at 1337.","The Piscine is a rigorous 4-week coding bootcamp where candidates' skills, problem-solving abilities, and perseverance are assessed."
"What kind of projects do students work on at 1337?","Students work on various projects including software development, web applications, and system programming, often collaborating in teams."
"What facilities are available at 1337 school?","1337 provides state-of-the-art computer labs, collaborative workspaces, and access to industry-standard tools and software."
"What is the goal of 1337 school?","The goal of 1337 is to train highly skilled software developers through innovative and practical education methods."
"How does 1337 support student innovation?","1337 encourages innovation by providing resources, mentorship, and a collaborative environment where students can explore and develop their ideas."
"What is the role of peer assessment at 1337?","Peer assessment involves students evaluating each other's projects, fostering a culture of constructive feedback and continuous improvement."
"Describe the peer pedagogy approach at 1337.","Peer pedagogy at 1337 involves students acting as both trainers and learners, contributing to a rich, collaborative learning environment."
"What are the core values of 1337?","Core values include innovation, collaboration, self-directed learning, and continuous improvement."
"How does 1337 prepare students for the workforce?","1337 prepares students for the workforce by emphasizing practical skills, real-world projects, and internships with industry partners."
"What opportunities for networking are available at 1337?","Students have opportunities to network through industry events, guest lectures, and partnerships with tech companies."
"What is the feedback system like at 1337?","Feedback is continuous and multi-faceted, involving peer reviews, project presentations, and mentor guidance."
"How does 1337 school ensure inclusivity?","1337 promotes inclusivity by providing equal opportunities for all students, fostering a diverse and supportive community."
"What extracurricular activities are available at 1337?","Extracurricular activities include hackathons, coding competitions, tech meetups, and social events."
"What are the career prospects for 1337 graduates?","Graduates of 1337 have strong career prospects in various tech fields, thanks to their hands-on experience and industry connections."
"What is 1337?","1337 is a coding school in Morocco that offers a unique, peer-learning-based education without traditional classes or teachers."
"What does 1337 mean?","1337 is leetspeak for 'leet' or 'elite,' reflecting the school's aim to train elite programmers."
"Why is the school free of charge?","1337 is free because it is funded by the OCP Group, aiming to make quality coding education accessible to everyone."
"How do I enroll in the school?","Enrollment involves an online registration, a cognitive test, and a 4-week intensive selection process called Piscine."
"Can I access the school premises whenever I want?","Yes, 1337 operates 24/7, allowing students to access the school facilities at any time."
"What is the link with 42 Paris?","1337 is inspired by and partnered with 42 Paris, sharing the same educational philosophy and methods."
"Why is the school located in Khouribga?","The school is in Khouribga to leverage the city's resources and to foster local development in the region."
"Where is the school located?","1337 has campuses in Khouribga and Ben Guerir, both equipped with state-of-the-art facilities for coding education."
"What is the daily routine like at 1337?","The daily routine at 1337 varies, but generally involves working on coding projects, peer reviews, and collaborative problem-solving. Students can set their own schedules as the school is open 24/7."
"How do you handle the lack of traditional teachers at 1337?","At 1337, students rely on peer learning and collaboration. They learn by solving problems together, reviewing each other’s work, and using online resources."
"What are the biggest challenges at 1337?","The biggest challenges include adapting to the self-directed learning environment, managing time effectively, and keeping up with the rigorous project deadlines."
"What support is available for students at 1337?","Support comes from peers, online resources, and occasional mentoring sessions. The school fosters a strong community where students help each other."
"What kind of projects do students work on?","Projects vary from basic programming tasks to complex software development, including web applications, system programming, and algorithm challenges."
"How do students stay motivated?","Students stay motivated through the gamified learning environment, where they earn points and achievements. The collaborative atmosphere and the drive to succeed also keep them motivated."
"Can you describe the Piscine experience?","The Piscine is an intensive 4-week coding bootcamp that tests students’ perseverance, coding skills, and ability to learn quickly. It’s a challenging but rewarding experience."
"What do you enjoy most about 1337?","Many students enjoy the freedom to learn at their own pace, the collaborative projects, and the supportive community. The innovative learning environment is also a major highlight."
"How does 1337 prepare you for a career in tech?","1337 prepares students through hands-on projects, real-world problem-solving, and opportunities for internships. The focus on practical skills is highly valued by employers."
"What advice would you give to new students?","New students should embrace the self-learning aspect, seek help from peers, manage their time well, and stay persistent through challenges."
"How do you balance coding with other activities?","Students often balance coding with other activities by managing their time efficiently and taking breaks when needed. The flexible schedule helps in maintaining a healthy balance."
"Is prior coding experience necessary to succeed at 1337?","While prior coding experience can be helpful, it is not necessary. Many students start with little to no experience and learn quickly through the immersive environment."
"What is the community like at 1337?","The community at 1337 is supportive, collaborative, and diverse. Students from various backgrounds come together to help each other succeed."
"What is the check-in process for the Piscine at 1337?","The check-in process involves registering online"
